<?xml version="1.0" encoding="UTF-8"?>
<!DOCTYPE busLine>
   <name> C2
        <route> Circular Exterior
        <schedule>
              <departureTime> 8:00 am </departureTime>
              <arrivalTime> 1:00 pm </arrivalTime>
        </schedule>
        <busStop>
              <street> Ronda de Triana </street>
              <street> Virgen de Luján </street>
              <street> Prado de San Sebastián </street>
              <street> San Bernardo </street>
              <street> Nervión </street>
              <street> Santa Justa </street>
              <street> Macarena </street>
              <street> Cartuja </street>
        </busStop>
        </route>
   </name>
